"Archetype","OpId"
"DIRECT_ENTRY","FB_OP_SAXPY"
"DIRECT_ENTRY","FB_OP_DAXPY"
"DIRECT_ENTRY","FB_OP_CAXPY"
"DIRECT_ENTRY","FB_OP_ZAXPY"
"DIRECT_ENTRY","FB_OP_SSCAL"
"DIRECT_ENTRY","FB_OP_DSCAL"
"DIRECT_ENTRY","FB_OP_CSCAL"
"DIRECT_ENTRY","FB_OP_ZSCAL"
"DIRECT_ENTRY","FB_OP_CSSCAL"
"DIRECT_ENTRY","FB_OP_ZDSCAL"
"DIRECT_ENTRY","FB_OP_SCOPY"
"DIRECT_ENTRY","FB_OP_DCOPY"
"DIRECT_ENTRY","FB_OP_CCOPY"
"DIRECT_ENTRY","FB_OP_ZCOPY"
"DIRECT_ENTRY","FB_OP_SSWAP"
"DIRECT_ENTRY","FB_OP_DSWAP"
"DIRECT_ENTRY","FB_OP_CSWAP"
"DIRECT_ENTRY","FB_OP_ZSWAP"
"DIRECT_ENTRY","FB_OP_SDOT"
"DIRECT_ENTRY","FB_OP_DDOT"
"DIRECT_ENTRY","FB_OP_CDOTC"
"DIRECT_ENTRY","FB_OP_CDOTU"
"DIRECT_ENTRY","FB_OP_ZDOTC"
"DIRECT_ENTRY","FB_OP_ZDOTU"
"DIRECT_ENTRY","FB_OP_SDSDOT"
"DIRECT_ENTRY","FB_OP_DSDOT"
"DIRECT_ENTRY","FB_OP_SASUM"
"DIRECT_ENTRY","FB_OP_DASUM"
"DIRECT_ENTRY","FB_OP_SCASUM"
"DIRECT_ENTRY","FB_OP_DZASUM"
"DIRECT_ENTRY","FB_OP_SNRM2"
"DIRECT_ENTRY","FB_OP_DNRM2"
"DIRECT_ENTRY","FB_OP_SCNRM2"
"DIRECT_ENTRY","FB_OP_DZNRM2"
"INDEX_ENTRY","FB_OP_ISAMAX"
"INDEX_ENTRY","FB_OP_IDAMAX"
"INDEX_ENTRY","FB_OP_ICAMAX"
"INDEX_ENTRY","FB_OP_IZAMAX"
"DIRECT_ENTRY","FB_OP_SROT"
"DIRECT_ENTRY","FB_OP_DROT"
"DIRECT_ENTRY","FB_OP_CROT"
"DIRECT_ENTRY","FB_OP_ZROT"
"DIRECT_ENTRY","FB_OP_ZDROT"
"DIRECT_ENTRY","FB_OP_SROTG"
"DIRECT_ENTRY","FB_OP_DROTG"
"DIRECT_ENTRY","FB_OP_SROTM"
"DIRECT_ENTRY","FB_OP_DROTM"
"DIRECT_ENTRY","FB_OP_SROTMG"
"DIRECT_ENTRY","FB_OP_SGBMV"
"DIRECT_ENTRY","FB_OP_DGBMV"
"DIRECT_ENTRY","FB_OP_CGBMV"
"DIRECT_ENTRY","FB_OP_ZGBMV"
"DIRECT_ENTRY","FB_OP_SGEMV"
"DIRECT_ENTRY","FB_OP_DGEMV"
"DIRECT_ENTRY","FB_OP_CGEMV"
"DIRECT_ENTRY","FB_OP_ZGEMV"
"DIRECT_ENTRY","FB_OP_SSYMV"
"DIRECT_ENTRY","FB_OP_DSYMV"
"DIRECT_ENTRY","FB_OP_CHEMV"
"DIRECT_ENTRY","FB_OP_ZHEMV"
"DIRECT_ENTRY","FB_OP_STRMV"
"DIRECT_ENTRY","FB_OP_DTRMV"
"DIRECT_ENTRY","FB_OP_CTRMV"
"DIRECT_ENTRY","FB_OP_ZTRMV"
"DIRECT_ENTRY","FB_OP_STRSV"
"DIRECT_ENTRY","FB_OP_DTRSV"
"DIRECT_ENTRY","FB_OP_CTRSV"
"DIRECT_ENTRY","FB_OP_ZTRSV"
"DIRECT_ENTRY","FB_OP_SGER"
"DIRECT_ENTRY","FB_OP_DGER"
"DIRECT_ENTRY","FB_OP_CGERU"
"DIRECT_ENTRY","FB_OP_CGERC"
"DIRECT_ENTRY","FB_OP_ZGERU"
"DIRECT_ENTRY","FB_OP_ZGERC"
"DIRECT_ENTRY","FB_OP_SSYR"
"DIRECT_ENTRY","FB_OP_DSYR"
"DIRECT_ENTRY","FB_OP_CHER"
"DIRECT_ENTRY","FB_OP_ZHER"
"DIRECT_ENTRY","FB_OP_SSYR2"
"DIRECT_ENTRY","FB_OP_DSYR2"
"DIRECT_ENTRY","FB_OP_CHER2"
"DIRECT_ENTRY","FB_OP_ZHER2"
"DIRECT_ENTRY","FB_OP_SSPMV"
"DIRECT_ENTRY","FB_OP_DSPMV"
"DIRECT_ENTRY","FB_OP_CHPMV"
"DIRECT_ENTRY","FB_OP_ZHPMV"
"DIRECT_ENTRY","FB_OP_SSBMV"
"DIRECT_ENTRY","FB_OP_DSBMV"
"DIRECT_ENTRY","FB_OP_CHBMV"
"DIRECT_ENTRY","FB_OP_ZHBMV"
"DIRECT_ENTRY","FB_OP_STBMV"
"DIRECT_ENTRY","FB_OP_DTBMV"
"DIRECT_ENTRY","FB_OP_CTBMV"
"DIRECT_ENTRY","FB_OP_ZTBMV"
"DIRECT_ENTRY","FB_OP_STBSV"
"DIRECT_ENTRY","FB_OP_DTBSV"
"DIRECT_ENTRY","FB_OP_CTBSV"
"DIRECT_ENTRY","FB_OP_ZTBSV"
"DIRECT_ENTRY","FB_OP_STPMV"
"DIRECT_ENTRY","FB_OP_DTPMV"
"DIRECT_ENTRY","FB_OP_CTPMV"
"DIRECT_ENTRY","FB_OP_ZTPMV"
"DIRECT_ENTRY","FB_OP_STPSV"
"DIRECT_ENTRY","FB_OP_DTPSV"
"DIRECT_ENTRY","FB_OP_CTPSV"
"DIRECT_ENTRY","FB_OP_ZTPSV"
"DIRECT_ENTRY","FB_OP_SSPR"
"DIRECT_ENTRY","FB_OP_DSPR"
"DIRECT_ENTRY","FB_OP_CHPR"
"DIRECT_ENTRY","FB_OP_ZHPR"
"DIRECT_ENTRY","FB_OP_SSPR2"
"DIRECT_ENTRY","FB_OP_DSPR2"
"DIRECT_ENTRY","FB_OP_CHPR2"
"DIRECT_ENTRY","FB_OP_ZHPR2"
"DIRECT_ENTRY","FB_OP_SGEMM"
"DIRECT_ENTRY","FB_OP_DGEMM"
"DIRECT_ENTRY","FB_OP_CGEMM"
"DIRECT_ENTRY","FB_OP_ZGEMM"
"DIRECT_ENTRY","FB_OP_SSYMM"
"DIRECT_ENTRY","FB_OP_DSYMM"
"DIRECT_ENTRY","FB_OP_CSYMM"
"DIRECT_ENTRY","FB_OP_ZSYMM"
"DIRECT_ENTRY","FB_OP_CHEMM"
"DIRECT_ENTRY","FB_OP_ZHEMM"
"DIRECT_ENTRY","FB_OP_SSYRK"
"DIRECT_ENTRY","FB_OP_DSYRK"
"DIRECT_ENTRY","FB_OP_CSYRK"
"DIRECT_ENTRY","FB_OP_ZSYRK"
"DIRECT_ENTRY","FB_OP_CHERK"
"DIRECT_ENTRY","FB_OP_ZHERK"
"DIRECT_ENTRY","FB_OP_SSYR2K"
"DIRECT_ENTRY","FB_OP_DSYR2K"
"DIRECT_ENTRY","FB_OP_CSYR2K"
"DIRECT_ENTRY","FB_OP_ZSYR2K"
"DIRECT_ENTRY","FB_OP_CHER2K"
"DIRECT_ENTRY","FB_OP_ZHER2K"
"DIRECT_ENTRY","FB_OP_STRMM"
"DIRECT_ENTRY","FB_OP_DTRMM"
"DIRECT_ENTRY","FB_OP_CTRMM"
"DIRECT_ENTRY","FB_OP_ZTRMM"
"DIRECT_ENTRY","FB_OP_STRSM"
"DIRECT_ENTRY","FB_OP_DTRSM"
"DIRECT_ENTRY","FB_OP_CTRSM"
"DIRECT_ENTRY","FB_OP_ZTRSM"
"DIRECT_ENTRY","FB_OP_SGEMM_BATCH"
"DIRECT_ENTRY","FB_OP_DGEMM_BATCH"
"DIRECT_ENTRY","FB_OP_CGEMM_BATCH"
"DIRECT_ENTRY","FB_OP_ZGEMM_BATCH"
"DIRECT_ENTRY","FB_OP_SGEMM_STRIDED"
"DIRECT_ENTRY","FB_OP_DGEMM_STRIDED"
"DIRECT_ENTRY","FB_OP_CGEMM_STRIDED"
"DIRECT_ENTRY","FB_OP_ZGEMM_STRIDED"
"FACTOR_ENTRY","FB_OP_SGETRF"
"FACTOR_ENTRY","FB_OP_DGETRF"
"FACTOR_ENTRY","FB_OP_CGETRF"
"FACTOR_ENTRY","FB_OP_ZGETRF"
"SOLVE_ENTRY","FB_OP_SGETRS"
"SOLVE_ENTRY","FB_OP_DGETRS"
"SOLVE_ENTRY","FB_OP_CGETRS"
"SOLVE_ENTRY","FB_OP_ZGETRS"
"FACTOR_ENTRY","FB_OP_SPOTRF"
"FACTOR_ENTRY","FB_OP_DPOTRF"
"FACTOR_ENTRY","FB_OP_CPOTRF"
"FACTOR_ENTRY","FB_OP_ZPOTRF"
"SOLVE_ENTRY","FB_OP_SPOTRS"
"SOLVE_ENTRY","FB_OP_DPOTRS"
"SOLVE_ENTRY","FB_OP_CPOTRS"
"SOLVE_ENTRY","FB_OP_ZPOTRS"
"FACTOR_ENTRY","FB_OP_SGEQRF"
"FACTOR_ENTRY","FB_OP_DGEQRF"
"FACTOR_ENTRY","FB_OP_CGEQRF"
"FACTOR_ENTRY","FB_OP_ZGEQRF"
"FACTOR_ENTRY","FB_OP_SORGQR"
"FACTOR_ENTRY","FB_OP_DORGQR"
"FACTOR_ENTRY","FB_OP_CUNGQR"
"FACTOR_ENTRY","FB_OP_ZUNGQR"
"FACTOR_ENTRY","FB_OP_SORMQR"
"FACTOR_ENTRY","FB_OP_DORMQR"
"FACTOR_ENTRY","FB_OP_CUNMQR"
"FACTOR_ENTRY","FB_OP_ZUNMQR"
"FACTOR_ENTRY","FB_OP_STRTRI"
"FACTOR_ENTRY","FB_OP_DTRTRI"
"FACTOR_ENTRY","FB_OP_CTRTRI"
"FACTOR_ENTRY","FB_OP_ZTRTRI"
"SOLVE_ENTRY","FB_OP_STRTRS"
"SOLVE_ENTRY","FB_OP_DTRTRS"
"SOLVE_ENTRY","FB_OP_CTRTRS"
"SOLVE_ENTRY","FB_OP_ZTRTRS"
"FACTOR_ENTRY","FB_OP_SGETRI"
"FACTOR_ENTRY","FB_OP_DGETRI"
"FACTOR_ENTRY","FB_OP_CGETRI"
"FACTOR_ENTRY","FB_OP_ZGETRI"
"FACTOR_ENTRY","FB_OP_SPOTRI"
"FACTOR_ENTRY","FB_OP_DPOTRI"
"FACTOR_ENTRY","FB_OP_CPOTRI"
"FACTOR_ENTRY","FB_OP_ZPOTRI"
"FACTOR_ENTRY","FB_OP_SSYTRF"
"FACTOR_ENTRY","FB_OP_DSYTRF"
"FACTOR_ENTRY","FB_OP_CSYTRF"
"FACTOR_ENTRY","FB_OP_ZSYTRF"
"FACTOR_ENTRY","FB_OP_CHETRF"
"FACTOR_ENTRY","FB_OP_ZHETRF"
"SOLVE_ENTRY","FB_OP_SSYTRS"
"SOLVE_ENTRY","FB_OP_DSYTRS"
"SOLVE_ENTRY","FB_OP_CSYTRS"
"SOLVE_ENTRY","FB_OP_ZSYTRS"
"SOLVE_ENTRY","FB_OP_SSYSV"
"SOLVE_ENTRY","FB_OP_DSYSV"
"SOLVE_ENTRY","FB_OP_CSYSV"
"SOLVE_ENTRY","FB_OP_ZSYSV"
"SOLVE_ENTRY","FB_OP_CHESV"
"SOLVE_ENTRY","FB_OP_ZHESV"
"SOLVE_ENTRY","FB_OP_SGESV"
"SOLVE_ENTRY","FB_OP_DGESV"
"SOLVE_ENTRY","FB_OP_CGESV"
"SOLVE_ENTRY","FB_OP_ZGESV"
"SOLVE_ENTRY","FB_OP_SPOSV"
"SOLVE_ENTRY","FB_OP_DPOSV"
"SOLVE_ENTRY","FB_OP_CPOSV"
"SOLVE_ENTRY","FB_OP_ZPOSV"
"SOLVE_ENTRY","FB_OP_SGELS"
"SOLVE_ENTRY","FB_OP_DGELS"
"SOLVE_ENTRY","FB_OP_CGELS"
"SOLVE_ENTRY","FB_OP_ZGELS"
"SOLVE_ENTRY","FB_OP_SGELSD"
"SOLVE_ENTRY","FB_OP_DGELSD"
"SOLVE_ENTRY","FB_OP_CGELSD"
"SOLVE_ENTRY","FB_OP_ZGELSD"
"SOLVE_ENTRY","FB_OP_SGELSS"
"SOLVE_ENTRY","FB_OP_DGELSS"
"SOLVE_ENTRY","FB_OP_CGELSS"
"SOLVE_ENTRY","FB_OP_ZGELSS"
"SOLVE_ENTRY","FB_OP_SGELSY"
"SOLVE_ENTRY","FB_OP_DGELSY"
"SOLVE_ENTRY","FB_OP_CGELSY"
"SOLVE_ENTRY","FB_OP_ZGELSY"
"SPECTRAL_ENTRY","FB_OP_SSYEV"
"SPECTRAL_ENTRY","FB_OP_DSYEV"
"SPECTRAL_ENTRY","FB_OP_CHEEV"
"SPECTRAL_ENTRY","FB_OP_ZHEEV"
"SPECTRAL_ENTRY","FB_OP_SSYEVD"
"SPECTRAL_ENTRY","FB_OP_DSYEVD"
"SPECTRAL_ENTRY","FB_OP_CHEEVD"
"SPECTRAL_ENTRY","FB_OP_ZHEEVD"
"SPECTRAL_ENTRY","FB_OP_SGESVD"
"SPECTRAL_ENTRY","FB_OP_DGESVD"
"SPECTRAL_ENTRY","FB_OP_CGESVD"
"SPECTRAL_ENTRY","FB_OP_ZGESVD"
"SPECTRAL_ENTRY","FB_OP_SGEEV"
"SPECTRAL_ENTRY","FB_OP_DGEEV"
"SPECTRAL_ENTRY","FB_OP_CGEEV"
"SPECTRAL_ENTRY","FB_OP_ZGEEV"
"SPECTRAL_ENTRY","FB_OP_SGESDD"
"SPECTRAL_ENTRY","FB_OP_SSYGV"
"SPECTRAL_ENTRY","FB_OP_DSYGV"
"SPECTRAL_ENTRY","FB_OP_DGESDD"
"SPECTRAL_ENTRY","FB_OP_CGESDD"
"SPECTRAL_ENTRY","FB_OP_ZGESDD"
"SPECTRAL_ENTRY","FB_OP_CHEGV"
"SPECTRAL_ENTRY","FB_OP_ZHEGV"
